ID,Model,Year,Subtype,Engine,KM,Cost
64782,BMW,2019,Sedan,3054,71601,165
49241,Ford,2006,V3,2969,64847,921
93521,Chevrolet,2017,Coupe,4720,117944,428
32105,Suzuki,2003,V3,1489,194906,950
36464,Ford,2008,Sedan,3104,97335,718
49698,BMW,2020,Coupe,2638,166245,1453
51466,Toyota,2022,V3,2167,170913,1020
83488,Chevrolet,2021,V3,2433,172335,300
53006,BMW,2021,V2,4311,71117,1086
78873,Toyota,2017,Sedan,2668,162327,768
38091,BMW,2015,SUV,4898,157477,943
67350,BMW,2022,V2,3351,146875,431
32836,Lamborghini,2019,V2,3931,143704,784
12543,Suzuki,2024,Coupe,3203,155938,427
20099,Suzuki,2009,V3,4243,122273,304
27171,Lamborghini,2023,SUV,2940,68515,990
22831,BMW,2001,SUV,1248,194996,1448
82001,Toyota,2004,V2,4317,110435,875
15046,BMW,2002,Sedan,1495,8090,1391
31587,BMW,2017,V3,1108,96791,1361
62393,Ford,2017,SUV,3635,22584,634
74075,Ford,2012,V3,2371,86012,753
30224,Chevrolet,2008,V2,1348,104925,430
40982,Ford,2022,V2,2774,101262,556
75629,Suzuki,2014,Coupe,1677,145214,669
58444,Ford,2024,V2,4867,157570,184
78369,Tesla,2006,SUV,1030,24755,1344
49729,Ford,2018,Sedan,2219,58506,943
35041,Ford,2019,V3,4398,108522,1221
78169,Lamborghini,2017,Coupe,1027,176101,357
45918,BMW,2009,Sedan,4558,129893,293
59056,Chevrolet,2021,SUV,4466,57593,159
44666,Ford,2015,V2,2397,98490,1024
59525,Tesla,2000,V3,1130,159135,1311
13827,Ford,2012,SUV,1146,35044,1396
30855,Toyota,2016,SUV,3416,48531,1449
30597,BMW,2022,Coupe,4968,121769,1123
36831,Ford,2016,V2,3139,122371,444
14144,Chevrolet,2022,Coupe,2172,15404,849
71426,Tesla,2004,V2,1378,78821,584
82962,Suzuki,2005,V3,1207,87499,277
93067,Toyota,2015,V2,3233,90476,1360
33832,Chevrolet,2000,SUV,1299,11492,1299
94611,Lamborghini,2019,V3,3517,29095,286
18566,Tesla,2020,Coupe,1606,21798,1127
65285,Tesla,2022,V2,1462,20374,544
98286,Chevrolet,2006,SUV,3563,157430,587
28627,Ford,2005,V3,1927,52149,1183
77550,Toyota,2001,V2,2991,3039,719
13034,Tesla,2005,V3,2641,20478,939
55814,Lamborghini,2014,Sedan,1644,66697,1285
68843,Chevrolet,2023,Coupe,2682,129557,380
47203,Suzuki,2020,V2,2016,43633,1202
41578,Suzuki,2020,Coupe,1398,182154,344
50077,Toyota,2020,Coupe,1128,98093,694
70084,Chevrolet,2008,V3,2174,60923,711
92502,Lamborghini,2024,V3,1743,193401,1054
68525,Lamborghini,2014,V2,4890,40107,697
30952,Tesla,2002,SUV,2717,91042,128
30094,Toyota,2005,V2,2131,139363,386
41561,Suzuki,2023,V2,4351,132201,1236
53239,BMW,2005,V2,1957,187822,308
36189,Ford,2013,Coupe,3511,125103,325
96340,Toyota,2014,V2,1297,95979,1173
92554,Ford,2008,V3,2566,195180,119
97172,Ford,2014,Sedan,3422,8453,590
71385,Toyota,2004,V2,1914,1100,1182
34814,BMW,2005,V2,1709,188772,709
76565,Ford,2019,Sedan,4964,15286,253
47108,Toyota,2018,V2,3679,187845,497
94012,Chevrolet,2010,SUV,1376,108485,1407
48730,BMW,2018,SUV,1563,125137,100
48812,Ford,2010,SUV,4040,144135,1341
20282,Suzuki,2023,V3,4541,167389,797
50869,BMW,2009,V2,4163,123999,497
10833,Ford,2012,SUV,3547,115142,285
89948,Ford,2014,V2,4361,64115,953
55723,Ford,2007,Coupe,2606,76763,183
95309,Toyota,2008,V3,2006,126077,658
26772,Lamborghini,2003,Sedan,3147,24138,976
71585,Lamborghini,2009,V2,3136,173407,625
91639,Toyota,2000,V2,1680,133636,948
19992,Ford,2003,Sedan,4886,174370,1352
79421,Tesla,2012,V2,4742,169074,335
92490,Lamborghini,2006,SUV,3856,54148,615
77841,Suzuki,2017,Coupe,3458,107224,730
66048,Lamborghini,2000,Sedan,2228,92048,555
75798,Lamborghini,2004,SUV,1269,67929,1209
39971,Lamborghini,2013,V3,1008,115631,1085
82999,Chevrolet,2021,V2,2193,128296,1135
92407,Tesla,2003,V2,1604,6487,487
90056,Suzuki,2004,Coupe,2836,125751,689
14038,Lamborghini,2024,V2,3360,97669,720
98292,Suzuki,2018,SUV,2675,195038,650
22285,toyota,2019,Sedan,1189,29279,589
73730,Chevrolet,2022,Sedan,2734,15533,176
52650,BMW,2016,V2,4677,39888,847
85807,Toyota,2001,Sedan,1732,48048,1117
20626,Chevrolet,2009,SUV,4968,28513,202
86257,Tesla,2017,V3,1845,64971,445
93813,Chevrolet,2006,Sedan,3685,152267,247
88598,Toyota,2003,SUV,4965,91240,195
38299,Toyota,2010,Coupe,4384,29023,1289
62890,Ford,2014,V2,4424,133496,292
24315,Ford,2018,Sedan,1140,53524,581
17675,Tesla,2022,SUV,1113,13229,1209
56686,Suzuki,2000,V3,4473,27644,493
40251,Suzuki,2004,Sedan,1699,159555,1475
45967,Chevrolet,2001,V3,4725,19940,438
80789,BMW,2007,Coupe,4732,62629,1289
57354,Lamborghini,2006,V3,3017,7331,706
89164,Ford,2002,V3,2956,104597,1180
75424,Ford,2024,V2,4841,105888,218
42438,Lamborghini,2020,Coupe,4831,54516,1208
64046,Tesla,2022,SUV,1881,8495,196
78909,Tesla,2008,Sedan,3776,38767,1413
88768,Suzuki,2013,V3,2772,55197,1312
58243,Toyota,2004,SUV,4981,82101,1082
65449,Suzuki,2010,Coupe,1354,165439,172
59490,Suzuki,2003,Sedan,2390,150177,1085
90012,Toyota,2013,SUV,2430,8359,328
44021,Lamborghini,2009,V2,1625,157638,416
31174,Tesla,2014,V3,2923,192242,523
17620,Ford,2023,SUV,2796,90509,317
57859,BMW,2012,V2,2742,104995,261
34144,Chevrolet,2018,Sedan,3960,31769,1145
89770,BMW,2024,V3,3073,124793,1241
59739,Lamborghini,2004,Coupe,4223,60823,1153
88003,Suzuki,2018,V3,1834,24050,1242
67055,Ford,2001,V2,4708,102120,883
59920,Chevrolet,2022,V3,4886,145426,483
41585,Ford,2012,Sedan,3465,190568,518
53100,Ford,2008,Coupe,1149,87162,700
91663,Chevrolet,2002,Sedan,2491,137836,1086
37194,Chevrolet,2012,Sedan,3095,48413,920
93524,Lamborghini,2001,V2,1111,29385,371
73006,Lamborghini,2019,V3,2027,77676,1265
11894,Toyota,2019,V2,4001,145783,331
72832,Suzuki,2012,Sedan,1006,175691,1019
11233,Ford,2014,Coupe,3844,124739,1258
71692,Ford,2013,SUV,2654,3795,617
31621,BMW,2019,V3,4779,137612,502
95578,Toyota,2000,V3,4974,16837,1374
94555,Chevrolet,2005,Coupe,1187,147191,1471
10267,Suzuki,2002,V2,4093,20260,610
98168,BMW,2014,V3,4575,43786,1222
53211,Lamborghini,2004,SUV,3792,119636,1293
58985,Toyota,2006,Sedan,1959,20018,138
66939,BMW,2007,V3,4103,68444,1369
44028,Tesla,2010,Sedan,2268,8954,1239
10410,Toyota,2014,V2,3777,151620,444
96311,Lamborghini,2022,V2,1114,151747,1176
21084,Lamborghini,2000,Sedan,3721,37580,441
23566,Suzuki,2010,SUV,3046,2747,1211
16806,Ford,2012,V3,2648,121635,1290
29429,Tesla,2007,V2,1055,187162,112
25095,BMW,2022,SUV,4028,35120,882
43360,Tesla,2003,Coupe,4221,120949,886
25528,Chevrolet,2015,SUV,1712,148349,1455
58429,Tesla,2019,SUV,1414,83634,1261
80552,Chevrolet,2011,V3,1892,101390,1461
92476,Lamborghini,2021,SUV,3854,159667,1299
69902,Tesla,2003,Sedan,4815,126769,764
11321,BMW,2023,V3,4100,83515,1294
83169,BMW,2022,V3,4487,13774,1226
89923,Chevrolet,2011,Coupe,4955,175392,269
62712,BMW,2010,V3,2718,12097,1004
36097,Ford,2018,SUV,1672,32118,239
55714,Lamborghini,2003,V3,3367,93281,903
24036,Suzuki,2007,V3,4907,183807,977
76256,Toyota,2005,V3,1125,52685,1340
41465,Tesla,2002,Sedan,3059,44764,917
96580,Toyota,2018,V2,2857,123009,777
60854,Ford,2011,V2,2796,109821,972
93994,Tesla,2012,SUV,3395,191745,678
98600,Chevrolet,2013,Coupe,4207,35678,1052
53101,Suzuki,2009,Coupe,2561,159130,940
66734,BMW,2011,V2,1776,82044,1045
33717,Toyota,2004,V3,1509,149823,151
48604,Toyota,2018,V2,4671,195066,259
37825,BMW,2020,SUV,4171,93333,1281
71609,BMW,2008,V3,4900,197719,1459
45591,Lamborghini,2009,V3,4045,154676,428
82857,Suzuki,2000,Coupe,2951,129491,1491
61802,BMW,2008,V3,4923,185709,437
48974,Suzuki,2019,V3,1828,27369,1229
19599,Chevrolet,2018,V2,2443,160534,817
26531,Toyota,2005,SUV,2061,108777,847
28523,Lamborghini,2022,V3,2582,133761,946
37687,Chevrolet,2010,V2,2638,181857,1236
91362,Toyota,2009,Sedan,2628,179672,1107
54157,Suzuki,2009,V2,3140,195978,1199
79256,Suzuki,2002,V3,1381,190249,694
62948,Suzuki,2017,SUV,2672,37759,1291
84154,Lamborghini,2010,V2,2997,92511,1132
22052,Toyota,2001,Sedan,4412,64391,781
19042,Tesla,2011,SUV,1735,128704,1479
15601,Tesla,2003,Sedan,1657,58206,153
23716,Tesla,2009,Sedan,4776,2534,755
62152,Lamborghini,2020,Coupe,3597,127820,605
44772,BMW,2024,SUV,3298,65678,618
49222,Chevrolet,2008,SUV,1814,199919,1406
97328,Ford,2015,SUV,3884,34648,900
17252,Toyota,2008,SUV,4820,172179,727
77812,Chevrolet,2001,V3,3963,48907,383
54782,BMW,2021,V3,3428,165382,838
21113,Tesla,2010,V3,4327,114473,728
71961,Toyota,2018,SUV,2749,94236,980
34266,Toyota,2022,SUV,1206,191536,246
38122,Chevrolet,2024,V3,2528,103694,1120
34259,Lamborghini,2013,Coupe,2560,34027,755
73280,Tesla,2020,V2,3379,136400,724
58264,Toyota,2011,Sedan,2167,38480,1151
85529,Lamborghini,2015,Coupe,1488,92627,1110
14726,BMW,2004,Coupe,3189,125539,381
95591,Lamborghini,2001,V3,3378,21319,306
52069,BMW,2009,V2,3809,110997,1150
53534,BMW,2005,SUV,1798,24163,488
68628,Chevrolet,2013,SUV,4698,54829,909
74117,Chevrolet,2012,V2,2434,38430,447
24575,Toyota,2013,V3,2871,196984,428
94079,Toyota,2020,Sedan,1433,73506,1107
67903,Tesla,2002,Coupe,1629,116971,953
44799,Chevrolet,2006,Coupe,1633,11345,1235
65430,Ford,2015,V2,2414,44343,594
59018,Suzuki,2003,V3,2492,29858,776
84972,Suzuki,2009,Coupe,1073,65949,940
87329,Toyota,2000,Coupe,1588,63311,1022
50162,Lamborghini,2005,Sedan,3455,46851,1171
67941,BMW,2003,Coupe,3475,168234,406
96715,Chevrolet,2022,Coupe,1511,119085,1149
35443,BMW,2024,SUV,2423,8984,903
34844,Toyota,2020,V3,4623,36751,870
81794,Toyota,2013,SUV,1707,150242,605
68748,Chevrolet,2001,Sedan,3639,58360,717
93548,Lamborghini,2003,SUV,1643,14806,1351
64985,Ford,2019,V3,1398,66334,869
34038,Suzuki,2011,SUV,4460,154324,1433
41867,Chevrolet,2016,V3,3074,12857,521
22079,Lamborghini,2000,SUV,4564,24352,1328
85414,BMW,2003,Coupe,1446,58398,830
17218,BMW,2021,Sedan,2226,39254,549
74489,Chevrolet,2002,Coupe,4320,129006,641
88755,Lamborghini,2023,SUV,3185,108852,642
31613,BMW,2008,Coupe,2824,165895,534
67983,Tesla,2005,Sedan,3397,178224,898
72652,Toyota,2018,Sedan,1230,122758,1319
84800,Chevrolet,2011,Coupe,2071,4364,1036
19443,Tesla,2002,V2,2879,96272,897
43101,Tesla,2014,Coupe,2173,51832,500
76283,Chevrolet,2006,V3,4734,79212,506
49705,Lamborghini,2009,V2,3814,26431,887
93879,Suzuki,2011,V2,3332,88396,1299
15801,Toyota,2001,Coupe,1307,77085,128
14118,Tesla,2001,V3,1801,73627,840
54190,Chevrolet,2015,V3,2338,79472,282
20095,Lamborghini,2009,V3,3085,24351,1331
37253,Chevrolet,2004,V2,4561,32695,627
98364,Lamborghini,2017,Sedan,2736,48533,1206
65897,Lamborghini,2022,SUV,4725,107993,253
48892,BMW,2006,V3,1369,173827,1324
22403,BMW,2011,Sedan,3348,60255,271
85435,Tesla,2008,Sedan,2339,121505,232
13030,Ford,2008,Sedan,2436,156260,127
56743,Chevrolet,2004,Coupe,1435,104789,227
46797,Suzuki,2000,Coupe,3244,169541,1054
46416,Chevrolet,2004,SUV,2989,182391,1156
36338,BMW,2007,Coupe,4433,164713,369
18641,Suzuki,2024,Coupe,3364,12212,219
57033,Chevrolet,2001,V3,1629,165816,656
51355,Lamborghini,2001,V3,4996,184467,796
74127,Chevrolet,2008,V3,4815,76734,1476
78275,Chevrolet,2012,SUV,1962,144472,1280
33604,BMW,2018,V3,1218,47881,1210
35529,Lamborghini,2008,V3,2110,67938,208
46850,Tesla,2001,Coupe,2787,90869,314
23679,Lamborghini,2004,Sedan,3114,161009,959
54576,Ford,2011,Sedan,4623,135380,923
73964,Ford,2017,SUV,1739,80500,937
46052,Suzuki,2009,Coupe,4223,155394,1171
28027,Tesla,2012,SUV,2064,122486,168
63551,Ford,2011,Coupe,3465,90538,774
78735,Ford,2019,Coupe,3296,86713,935
54149,Toyota,2016,SUV,1786,87442,448
26426,BMW,2018,Coupe,1829,134379,463
84419,Tesla,2000,V2,2231,189720,771
76861,Tesla,2017,Sedan,2945,172748,339
98853,Suzuki,2010,V3,4287,59061,864
54204,Lamborghini,2013,Coupe,3208,46978,1088
36737,Chevrolet,2023,V2,3082,28760,1414
97419,BMW,2003,Sedan,3340,29835,427
40384,Ford,2020,Coupe,1995,190491,294
96921,Tesla,2023,SUV,1177,129800,516
68957,Tesla,2010,V2,1510,46654,1332
60126,Suzuki,2018,SUV,3957,57647,1015
61181,Chevrolet,2012,SUV,2976,172857,638
87313,Suzuki,2000,Sedan,4359,115099,837
40383,Ford,2003,Coupe,1711,101523,1496
43872,BMW,2022,SUV,2838,131840,642
79148,Lamborghini,2001,Sedan,1657,157518,697
47310,BMW,2022,V2,4984,171420,1186
72251,BMW,2007,V3,2364,15593,1183
80090,Toyota,2014,SUV,3772,92255,579
88029,Suzuki,2017,SUV,1818,123886,1427
83351,Suzuki,2012,Sedan,4302,105185,319
42619,Chevrolet,2011,SUV,1573,45303,148
50022,Toyota,2000,V3,2297,87735,666
85947,Lamborghini,2000,V3,3752,170480,482
58852,BMW,2019,Coupe,2098,40863,613
66117,Suzuki,2007,V3,2760,121424,868
96619,Ford,2011,V2,3635,32125,625
96168,Lamborghini,2010,V2,3381,159380,1163
62807,BMW,2012,SUV,3075,80347,1496
97352,BMW,2012,SUV,4663,131008,373
69420,Chevrolet,2004,Coupe,4930,4486,915
83430,Ford,2012,Coupe,1879,145698,896
13704,BMW,2002,Sedan,3174,76332,468
87306,Ford,2001,SUV,2026,138746,171
94496,Ford,2015,V2,4908,133939,1023
99075,BMW,2002,Coupe,1982,139213,1222
86912,Suzuki,2007,V2,1080,128205,1399
95154,Ford,2012,SUV,4246,16338,560
71900,Toyota,2015,Sedan,4303,52258,1370
47686,Suzuki,2001,Sedan,2077,108199,1432
17996,Toyota,2018,SUV,4201,128602,1047
72626,Lamborghini,2003,SUV,2671,164802,1238
68234,Suzuki,2020,Coupe,2025,158414,1126
61546,Ford,2017,V2,4021,96820,825
53023,Chevrolet,2001,SUV,4709,158932,1036
90459,Tesla,2017,SUV,3596,179135,1356
31013,BMW,2008,V3,3590,11470,183
17778,Lamborghini,2016,V3,4328,129039,573
85070,Chevrolet,2023,V2,3933,164549,739
84143,Suzuki,2018,Coupe,1756,106097,1085
36963,Toyota,2015,SUV,2299,98360,1046
20901,Lamborghini,2014,V3,1503,118560,930
22484,Suzuki,2020,SUV,1713,144240,706
83037,Toyota,2007,Coupe,3767,173777,1181
27694,Lamborghini,2019,V3,3881,160035,298
87121,Chevrolet,2005,V3,1723,93368,1428
86450,Suzuki,2015,SUV,3827,114309,1460
19587,Chevrolet,2016,V2,4573,21163,131
41746,Lamborghini,2019,Coupe,3286,90435,860
30148,Ford,2013,Sedan,2329,9274,873
23965,Toyota,2012,Sedan,3626,88850,1253
40809,Tesla,2007,SUV,2235,141205,548
94030,Ford,2015,V2,1204,45997,1255
28983,Toyota,2001,Coupe,3890,175441,913
78452,Ford,2020,Coupe,2222,40226,488
11767,BMW,2002,V2,3398,170671,1485
88387,Toyota,2008,V2,4828,128421,405
36757,Lamborghini,2024,V3,1634,54838,1482
65907,Toyota,2023,Sedan,2594,161172,292
67399,Chevrolet,2015,V3,4139,98663,1117
54334,Ford,2002,Sedan,2322,149080,875
41454,Ford,2022,SUV,1953,75446,524
64577,BMW,2016,Sedan,1615,178521,1278
66971,Tesla,2015,V2,1875,138957,1135
52197,Toyota,2000,V2,4457,189536,1180
74925,Tesla,2016,V2,4843,4986,763
27980,Toyota,2009,V2,4142,122731,1416
25282,Lamborghini,2007,V2,2363,85638,1055
42258,Suzuki,2020,Coupe,4179,169824,971
89280,Suzuki,2002,Coupe,4194,79923,397
80867,Suzuki,2012,Sedan,1371,128018,473
55819,Chevrolet,2001,Coupe,2764,155717,1379
54383,Toyota,2010,V3,1152,82446,1203
94743,Ford,2006,Coupe,4722,165908,1274
24144,Tesla,2021,V2,2589,53477,589
26272,Toyota,2024,V3,4275,150526,238
20924,Suzuki,2003,V2,1871,121771,902
65760,Tesla,2022,Coupe,4192,111594,688
34369,Tesla,2014,V3,1710,196170,765
11060,BMW,2021,Coupe,4145,89671,125
44588,Toyota,2005,V3,1307,93431,1456
82893,BMW,2000,Coupe,3555,27119,524
94027,Tesla,2012,SUV,4649,174968,678
90508,Ford,2004,Sedan,3486,95267,459
16293,BMW,2011,V3,1282,124431,1375
25195,Tesla,2010,Coupe,2764,199905,1482
34480,Ford,2021,V2,1017,75332,1348
38087,Toyota,2012,V2,1002,147599,606
82932,Toyota,2014,Coupe,2740,188194,776
64888,Toyota,2003,V2,1353,28456,811
42867,Chevrolet,2001,Coupe,3282,74906,1400
45542,Tesla,2023,Coupe,1668,39665,412
68332,Ford,2022,Sedan,4999,193125,461
70320,Tesla,2013,V2,1309,133534,306
17361,Toyota,2022,SUV,4677,145065,705
89716,Ford,2002,V3,2262,125808,921
83968,Suzuki,2009,Sedan,3089,48018,889
21191,Suzuki,2004,Sedan,2702,54439,726
79261,Ford,2016,V3,3524,17907,603
10469,Toyota,2004,V3,1976,114083,470
30772,Ford,2019,Sedan,2031,62161,610
96924,Tesla,2022,V2,3403,85341,747
89104,Toyota,2023,SUV,3857,79975,939
30692,Tesla,2019,Coupe,1140,182474,205
74917,BMW,2023,V2,2117,163853,757
77877,Tesla,2000,SUV,1683,39925,360
31383,Suzuki,2018,Sedan,2604,51839,133
61550,Lamborghini,2020,SUV,1021,19301,397
78480,BMW,2004,Sedan,3069,166091,956
65136,BMW,2002,V3,4232,49182,270
49471,Toyota,2009,V2,1078,194106,415
53780,Chevrolet,2001,Sedan,2731,179984,892
20150,BMW,2020,V2,2548,112533,801
45380,Lamborghini,2013,Sedan,1264,139137,568
44714,Chevrolet,2017,V3,1582,5694,515
65124,Lamborghini,2006,Coupe,4834,24863,1486
25853,Tesla,2001,Coupe,3210,177057,1261
27602,Tesla,2023,V3,4445,12299,117
69672,BMW,2023,V3,3002,149269,505
16398,Lamborghini,2005,Coupe,3922,78433,1268
19819,Suzuki,2024,SUV,4033,198720,559
58205,Ford,2016,Coupe,3510,185399,399
54216,BMW,2010,V3,4623,72072,367
21534,Suzuki,2023,Coupe,3002,130408,436
36996,Chevrolet,2013,V2,3410,107423,243
83484,BMW,2013,Sedan,4167,49726,1348
88491,Tesla,2004,SUV,4912,69113,132
68066,Toyota,2002,Coupe,3443,194114,275
50135,BMW,2008,V3,2108,25183,832
25189,Toyota,2007,Sedan,3685,81797,693
38222,Lamborghini,2006,V3,3453,4248,1279
25164,Lamborghini,2020,V3,2123,3491,580
78198,Chevrolet,2005,V3,3020,43205,577
33484,Tesla,2018,SUV,4197,127608,956
57458,BMW,2018,V2,4409,161756,1478
17292,Ford,2022,SUV,4950,36674,164
95642,Ford,2021,SUV,4545,73154,200
50312,Chevrolet,2021,Sedan,4332,65526,1018
29936,Chevrolet,2009,Coupe,3638,55699,540
27492,Toyota,2006,Sedan,3531,28373,251
47118,Tesla,2017,SUV,4517,149866,863
50158,Suzuki,2004,Coupe,3911,81994,1343
45699,Tesla,2023,SUV,1022,85098,1164
48471,Ford,2004,SUV,1230,175601,901
44831,Chevrolet,2018,Coupe,2395,125234,718
18780,Lamborghini,2010,SUV,2955,11028,566
44549,Suzuki,2002,V2,4665,86327,1189
27556,Lamborghini,2013,V2,2345,95832,1174
24108,Ford,2009,V2,2911,192849,650
59584,Lamborghini,2010,V3,2906,197851,1172
25375,BMW,2014,V2,4872,59006,972
64637,Tesla,2024,SUV,3887,53196,1439
81580,Suzuki,2020,Sedan,3275,140454,1456
13566,Tesla,2016,V3,1614,134014,1138
26723,Tesla,2020,V3,3825,95299,1355
49198,Tesla,2006,Sedan,1519,16582,1218
59838,Chevrolet,2021,V2,3776,171442,1445
36597,BMW,2001,Coupe,1908,126595,1150
99139,Lamborghini,2003,SUV,4352,114014,273
64316,BMW,2022,Sedan,3671,73744,1020
52503,Ford,2018,Coupe,2120,137281,187
60705,BMW,2018,V2,2733,31944,778
64887,BMW,2008,V2,2718,1875,583
77609,Tesla,2005,Coupe,2056,173231,1487
77233,Ford,2018,V2,4060,60127,703
64440,Ford,2007,Sedan,2078,11759,459
40360,Chevrolet,2008,SUV,4664,148373,586
49755,Lamborghini,2017,V2,2560,76325,588
78732,BMW,2019,SUV,3391,39518,296
75407,Lamborghini,2019,SUV,2027,173064,943
93663,Toyota,2024,V2,3210,13998,203
39879,Suzuki,2022,V2,4720,137955,623
95979,Tesla,2000,SUV,3914,188094,232
52721,Lamborghini,2019,V3,1761,161753,1479
15209,Chevrolet,2007,SUV,2385,9170,548
11289,Toyota,2001,Sedan,3039,74420,1449
25199,Tesla,2019,Sedan,4211,5916,375
18200,Chevrolet,2017,Coupe,3269,114852,1138
96737,Suzuki,2009,SUV,4420,23376,1030
43046,Ford,2000,Sedan,1027,133797,1092
39084,Suzuki,2003,Coupe,3543,135932,318
47407,BMW,2019,Coupe,2393,143555,622
26044,Tesla,2003,V2,4201,47233,933
90264,Suzuki,2021,SUV,4373,58119,1311
58484,Toyota,2001,V2,1945,120720,1491
65588,BMW,2018,Coupe,1246,22346,101
37980,Suzuki,2021,Coupe,2564,177527,108
76147,Lamborghini,2012,Coupe,4347,13931,1427
41577,Lamborghini,2007,Sedan,2616,78632,208
37486,Toyota,2002,Sedan,3047,176597,1128
43301,Tesla,2008,V2,3652,94402,147
75403,Lamborghini,2002,V3,1228,138192,1068
98967,BMW,2007,Coupe,1068,33877,712
68212,Ford,2000,V2,3762,19729,921
48203,Toyota,2013,Sedan,2748,16228,849
26986,Lamborghini,2003,V3,4673,110435,1150
30050,BMW,2013,SUV,4733,54096,329
28118,Toyota,2024,Sedan,1747,178420,473
80302,Chevrolet,2018,SUV,2337,82189,534
30196,Toyota,2006,Sedan,2735,124890,198
14302,BMW,2000,Sedan,4536,43554,600
14394,Ford,2021,Coupe,1369,170027,1380
79062,Ford,2013,V3,4392,156746,736
69503,Ford,2020,Sedan,2814,172329,487
31704,BMW,2024,Sedan,3390,151131,1308
51330,Ford,2001,SUV,2316,133181,252
83647,Lamborghini,2015,SUV,4229,23971,954
54853,Tesla,2024,V3,2451,82734,909
74537,Toyota,2008,Sedan,1568,177574,1135
33560,BMW,2019,V2,4702,152957,446
42177,Lamborghini,2023,SUV,3357,27602,1028
53641,Ford,2007,V2,2906,146290,730
44893,Suzuki,2019,V3,4254,112585,694
83041,Suzuki,2020,Coupe,1121,16759,219
73476,Suzuki,2017,SUV,4893,93744,615
83456,Toyota,2002,V3,1821,10395,447
63494,Ford,2009,Sedan,2994,45699,637
53738,Tesla,2013,Coupe,3820,36097,510
12379,Ford,2017,Coupe,2844,31780,309
98079,Toyota,2023,Sedan,1380,157274,534
94469,Lamborghini,2005,SUV,4893,108426,394
85168,Tesla,2007,V3,1267,15213,1447
44562,Suzuki,2013,Coupe,2516,101324,274
69393,Lamborghini,2014,V2,3858,146266,398
48544,Suzuki,2016,SUV,3846,37385,1238
98099,Ford,2020,V2,3024,168801,724
49273,Toyota,2019,Sedan,4206,30598,1089
57179,BMW,2001,Coupe,1451,31557,580
49082,Toyota,2022,Sedan,2210,186982,1484
14903,Tesla,2000,SUV,4664,89202,669
85198,Suzuki,2008,V3,3610,198086,913
77890,Ford,2005,Sedan,2723,89387,1454
12409,Tesla,2019,V2,1621,11814,408
71247,Ford,2012,V2,2989,83964,1356
55524,Lamborghini,2015,Sedan,1335,100285,1427
12498,Suzuki,2020,V2,2908,162393,374
43895,Lamborghini,2013,V2,2257,72767,1027
44788,Lamborghini,2011,Coupe,1233,15039,392
50841,Toyota,2016,Sedan,1720,147783,523
47140,Toyota,2017,V3,1558,38916,1337
17674,Tesla,2018,Sedan,4382,11507,896
74697,Suzuki,2024,Coupe,3329,72738,419
10778,Ford,2014,Coupe,3300,26214,133
75868,Chevrolet,2023,Coupe,2569,69177,844
89851,Ford,2018,SUV,4976,101269,936
24053,Chevrolet,2006,SUV,4148,60230,306
93908,Chevrolet,2001,V3,2821,79271,371
81938,Ford,2003,V2,2316,71491,940
23297,Toyota,2001,V2,3194,24861,1471
84048,Ford,2016,Sedan,3854,146217,1088
35503,Toyota,2005,SUV,4275,191282,524
22818,Suzuki,2014,Coupe,1491,106327,284
47662,BMW,2013,V3,3918,172247,206
17281,Toyota,2020,Coupe,2645,97189,238
62585,Tesla,2024,SUV,4220,56624,1423
45867,Toyota,2005,V2,2971,166278,1015
56200,BMW,2003,Coupe,4976,27636,1017
80342,Lamborghini,2014,Sedan,2360,29058,553
28049,Ford,2010,V3,1851,25499,101
57383,Toyota,2014,V2,4129,72899,1362
25505,Ford,2010,Sedan,2681,192473,758
97686,Chevrolet,2001,SUV,3027,112308,1120
77483,BMW,2019,Sedan,1427,179624,1012
35095,Ford,2010,V3,1196,152744,1310
35858,Chevrolet,2011,V3,3931,63631,1429
38611,Lamborghini,2000,Coupe,2548,126685,124
99938,Lamborghini,2008,V3,1508,78292,1126
78481,BMW,2020,V3,4692,123442,425
58614,Tesla,2021,Sedan,3955,170163,726
12518,Chevrolet,2014,SUV,2118,156633,681
49646,BMW,2001,SUV,3959,190982,801
90406,Chevrolet,2022,Sedan,4733,116269,340
34515,Toyota,2011,Coupe,1117,19837,1430
12388,Lamborghini,2014,V2,3270,19855,646
44413,Suzuki,2007,SUV,2612,126799,1214
62083,Lamborghini,2020,V2,4241,37144,789
83409,Ford,2022,Coupe,3758,180711,1148
51113,Suzuki,2003,Coupe,2653,155755,432
67727,Suzuki,2010,SUV,3323,54654,523
73664,Toyota,2021,SUV,4725,87844,907
77817,Chevrolet,2006,V2,2557,100178,383
91503,Tesla,2020,V3,3243,139437,386
59801,Toyota,2001,Sedan,2328,9422,696
18378,Toyota,2000,Sedan,2036,53268,1078
12000,Ford,2012,Coupe,1656,24774,775
34294,Tesla,2017,Sedan,1727,110275,887
69156,Lamborghini,2016,V2,4283,162305,1005
49561,Toyota,2021,V2,3971,154949,994
41726,Lamborghini,2016,V2,1914,144831,417
46834,BMW,2019,V2,1229,148062,312
81703,Suzuki,2020,Sedan,3824,197866,1127
98581,Lamborghini,2007,Coupe,1867,17172,298
23513,Ford,2011,SUV,1799,162949,1009
31638,Lamborghini,2015,Sedan,1028,95086,1116
12950,Chevrolet,2007,SUV,1190,7351,607
32500,BMW,2006,Coupe,3621,14249,1188
72593,BMW,2001,V3,2123,11669,1282
10504,BMW,2000,V3,4344,94890,1328
17824,BMW,2019,V3,1060,94553,850
16077,Ford,2021,Sedan,3868,130626,1465
16363,BMW,2017,Coupe,1880,43754,1024
51800,Suzuki,2007,SUV,3687,114393,888
10295,Tesla,2017,V3,2462,43212,1269
74456,Tesla,2006,SUV,4689,19286,739
46458,Ford,2023,Coupe,4904,34405,480
49881,Tesla,2016,V3,3825,14646,1126
90955,BMW,2020,Sedan,2046,92535,346
99799,BMW,2004,V2,3389,171936,820
77514,Ford,2020,SUV,1138,186092,1366
16704,Toyota,2020,V2,1066,45500,245
56519,Chevrolet,2018,SUV,4702,18980,1331
38877,Chevrolet,2001,Coupe,2457,62480,245
71572,Chevrolet,2006,V3,3815,80906,638
98563,BMW,2016,SUV,1500,5413,271
97137,Chevrolet,2016,V3,2953,80083,345
61255,BMW,2021,SUV,1744,76587,1190
94042,Ford,2010,Sedan,1033,159723,1013
32966,BMW,2007,Coupe,1817,28576,526
29841,Suzuki,2012,V2,1857,120112,965
30512,Toyota,2002,Sedan,4521,50478,516
32006,Chevrolet,2018,Coupe,1585,13267,335
70756,Tesla,2003,V3,2161,35570,494
64205,Ford,2019,V3,2915,20183,544
74572,Toyota,2018,V2,2424,54355,395
80325,Chevrolet,2000,V2,1334,22532,545
31991,Tesla,2004,V3,1611,105269,194
76898,Toyota,2016,Sedan,4439,22813,412
38372,Suzuki,2013,V2,3801,147989,1401
92628,Toyota,2023,SUV,3560,17353,735
69435,Toyota,2020,V3,3253,22701,1088
93277,BMW,2001,SUV,2045,151188,686
38228,Ford,2016,SUV,4666,193100,553
71815,Ford,2014,V2,1811,181477,1075
14210,Suzuki,2021,SUV,3858,105034,714
46684,Ford,2004,V2,2191,163236,1241
75870,Toyota,2012,V2,3191,114779,672
47793,Suzuki,2022,Sedan,4616,148771,932
43625,Suzuki,2009,V3,3347,104240,750
79472,Toyota,2022,SUV,3832,106782,476
97371,BMW,2003,V3,2412,60699,1487
63646,Suzuki,2005,V3,4355,101533,718
13782,Tesla,2021,SUV,1034,161525,570
80006,Ford,2002,V3,2295,173024,661
48449,Tesla,2004,Coupe,1363,11085,1183
35779,Tesla,2014,SUV,1839,87136,953
83641,BMW,2018,Sedan,2188,158639,274
15403,Ford,2015,V2,1093,87845,404
93410,Suzuki,2009,Sedan,3442,23332,1027
15051,BMW,2004,Sedan,1461,169028,932
54451,Tesla,2016,Sedan,2128,168550,1392
96523,Suzuki,2023,V3,3086,156407,707
37229,Ford,2009,SUV,4543,5477,818
27056,Chevrolet,2006,Sedan,4695,49856,813
97355,Lamborghini,2008,V3,3684,125680,331
84067,Chevrolet,2011,V3,4001,144783,457
81524,Chevrolet,2012,Sedan,3540,161475,1019
43813,Lamborghini,2005,Sedan,4508,164878,1010
17090,Toyota,2018,Sedan,4404,87428,671
11012,Lamborghini,2004,SUV,1104,151907,796
12608,BMW,2004,V3,3203,109898,1346
48979,BMW,2022,SUV,3168,53223,417
68707,Lamborghini,2001,Coupe,4927,90513,127
66834,Ford,2005,V2,3582,192505,107
59784,BMW,2010,V2,1114,137955,817
93273,Lamborghini,2019,V3,1358,54188,1413
67407,BMW,2009,Sedan,2099,101104,628
66898,Toyota,2013,Coupe,2577,82684,703
23122,Ford,2001,Coupe,1295,42655,166
46319,BMW,2009,Sedan,4710,152815,1036
90749,Suzuki,2015,V3,4411,97652,382
50495,Toyota,2018,Sedan,3023,50432,1344
93917,BMW,2014,V3,2115,186639,1290
80551,Ford,2010,SUV,2336,128970,885
26593,Lamborghini,2003,Coupe,1638,93249,641
52581,Tesla,2012,Sedan,4632,23864,562
76709,Chevrolet,2009,SUV,4450,17345,630
11779,Suzuki,2003,V3,3456,106424,1099
84563,Suzuki,2006,V3,4703,144460,775
96397,Lamborghini,2013,V3,4382,72795,854
25366,Tesla,2008,Coupe,3597,60208,551
60772,BMW,2002,SUV,4052,139184,634
85697,Suzuki,2014,V3,1704,55455,371
26646,Suzuki,2021,SUV,1965,109643,298
94424,Suzuki,2021,V3,2308,89115,936
19455,Tesla,2021,V3,2796,72028,792
86689,Suzuki,2001,V3,1142,3920,141
62478,Chevrolet,2019,Sedan,2057,134026,1011
32252,Suzuki,2016,V2,1979,103109,1334
76529,Suzuki,2021,V3,1971,56825,895
44382,BMW,2015,Coupe,4459,117702,1447
49957,Tesla,2004,V3,3651,45705,1011
58360,Suzuki,2011,Coupe,1561,35080,1455
39065,Chevrolet,2012,SUV,1732,106640,1208
17757,Lamborghini,2009,SUV,4615,180659,1495
26034,Toyota,2010,Sedan,1137,148458,892
63034,Tesla,2012,Coupe,2565,29125,181
87681,BMW,2006,Coupe,2971,47140,1480
51479,Chevrolet,2003,Sedan,4533,151501,332
72063,Chevrolet,2002,V2,1476,165670,1382
18387,Toyota,2016,SUV,2149,165867,1359
50858,BMW,2011,V3,3357,25930,642
87682,Lamborghini,2013,V2,1375,90865,1228
93020,Lamborghini,2000,V2,3460,73366,403
99450,Chevrolet,2005,V2,4427,113857,1325
11394,Chevrolet,2010,Sedan,4501,16590,716
36575,Tesla,2019,SUV,2818,173139,1314
88514,Tesla,2020,V2,3870,20465,869
10305,Suzuki,2001,V3,3036,78777,672
93506,Chevrolet,2002,Sedan,3277,45807,1474
77762,Chevrolet,2004,SUV,3296,177990,930
43378,Chevrolet,2023,Sedan,4764,66549,873
54150,Ford,2013,Coupe,2496,114221,945
10548,Tesla,2024,Coupe,3592,95219,1485
54608,Chevrolet,2022,Coupe,1591,10084,1496
79654,Suzuki,2024,V3,4734,74810,1046
61753,Tesla,2010,Coupe,2135,100061,1400
38378,Ford,2008,V2,3336,38680,1172
27772,BMW,2009,V3,2968,52284,1358
88171,Suzuki,2021,V2,3977,14209,925
40165,BMW,2007,Sedan,1726,89942,551
37682,Lamborghini,2004,V3,4296,92967,1042
37645,Toyota,2022,V3,2809,193417,1100
30783,Ford,2024,SUV,2645,41947,891
66397,Tesla,2004,Coupe,1768,198448,630
98302,Tesla,2013,Coupe,2169,100789,452
60185,Lamborghini,2012,SUV,1543,114975,1127
96657,Lamborghini,2003,V3,4725,114603,601
85342,Tesla,2011,SUV,1450,153723,664
72605,Lamborghini,2001,V3,3637,172302,1211
76035,Suzuki,2012,SUV,4178,187381,1025
81892,Chevrolet,2010,V2,1296,131625,1431
95638,Lamborghini,2005,Coupe,1967,21850,181
27943,Tesla,2024,Sedan,4046,169905,170
94458,BMW,2011,SUV,2074,139905,1485
36808,Chevrolet,2014,SUV,2879,62483,472
53690,Tesla,2014,V3,1871,4636,1169
48956,Lamborghini,2010,V3,3597,147591,715
23161,BMW,2018,V3,1078,31144,735
12590,Suzuki,2017,V2,1801,148298,320
65775,Toyota,2017,V3,4956,102033,721
18728,Suzuki,2013,V3,2410,120736,776
32084,Tesla,2003,Sedan,3025,194705,1017
80122,Tesla,2002,Coupe,2810,32899,147
83937,Ford,2011,Sedan,2645,186436,865
86545,Toyota,2001,SUV,3734,22158,451
35015,Suzuki,2020,V2,3601,166644,1143
49717,Toyota,2006,V3,3792,17269,626
70745,Suzuki,2006,V2,4882,36269,591
13423,Toyota,2004,Coupe,3016,71327,171
89995,Tesla,2020,SUV,4791,156826,533
34395,Ford,2003,SUV,1489,110456,656
35317,Lamborghini,2023,V3,3648,71109,270
64620,Suzuki,2003,Coupe,2469,168592,706
61556,Toyota,2013,Sedan,2287,161675,446
60500,Lamborghini,2004,Sedan,1638,2121,1386
78933,Chevrolet,2014,SUV,2152,147574,850
35821,Ford,2020,V3,2902,167201,1394
62019,Suzuki,2017,V2,2646,155941,264
68533,Tesla,2008,Coupe,1511,165523,291
76159,Tesla,2016,V3,2701,43521,1452
19197,Suzuki,2003,Coupe,2994,141818,973
34296,Tesla,2023,V2,2403,197512,287
46727,Tesla,2022,V2,2250,92935,1198
93010,Ford,2019,V3,3866,126556,349
88579,Lamborghini,2012,Sedan,2439,18259,811
79014,Toyota,2010,V2,2270,102150,626
59043,Toyota,2002,Coupe,3956,128054,1416
58671,Ford,2003,Coupe,4132,15115,1217
98978,Tesla,2013,Coupe,3488,68680,1141
18653,Tesla,2022,Sedan,2220,95339,303
69246,Lamborghini,2017,SUV,3702,117379,1266
62680,Tesla,2011,V2,2085,6031,185
64992,Toyota,2008,V2,1703,148300,774
21540,Tesla,2018,V2,1972,34804,1125
94905,Chevrolet,2002,Sedan,1057,83918,406
27849,Toyota,2015,V3,1011,179411,711
26985,Chevrolet,2007,SUV,1690,180290,943
73799,Tesla,2020,Sedan,2826,10614,1381
96382,Lamborghini,2018,V3,4908,187915,845
47116,Chevrolet,2012,V2,3904,14463,431
25057,Ford,2017,V2,4570,84291,1106
50795,Toyota,2011,SUV,1449,118489,770
34691,Lamborghini,2005,V2,1026,171159,410
72583,Suzuki,2018,SUV,4160,165785,1140
93351,Tesla,2008,Coupe,4555,160518,230
10289,BMW,2020,Sedan,2217,144376,982
65109,Lamborghini,2008,Sedan,4958,132642,796
15696,Suzuki,2019,V3,1873,68967,1117
15457,BMW,2000,SUV,4972,109824,511
78598,Ford,2002,Coupe,3172,159524,1445
60429,Toyota,2020,V3,4454,129326,702
90989,BMW,2019,Coupe,4200,17699,1419
67989,BMW,2016,Coupe,2116,77157,610
72812,Tesla,2009,V3,3116,167190,1046
74536,Lamborghini,2008,V2,3687,12168,843
77801,BMW,2003,SUV,2730,195524,466
19234,BMW,2020,V2,4788,50893,540
21053,Chevrolet,2015,V2,3947,61121,671
46765,Chevrolet,2011,V3,2338,59065,786
68952,Suzuki,2020,Sedan,1120,90049,785
98474,Chevrolet,2015,Coupe,1452,80123,1037
12035,Suzuki,2005,V3,4086,17659,1005
94198,BMW,2007,V2,1699,46436,664
46304,Toyota,2014,Coupe,3708,118400,957
30935,BMW,2007,Coupe,3768,66494,780
91392,Lamborghini,2012,Coupe,2221,155204,1243
91292,BMW,2007,V3,1380,68838,1224
32248,Chevrolet,2004,SUV,3596,173446,964
88079,Chevrolet,2001,V3,3154,146665,1018
34822,Ford,2005,SUV,3558,146318,491
21325,Lamborghini,2021,V3,1268,150781,877
88552,Tesla,2023,Coupe,4635,146379,647
25539,Chevrolet,2024,SUV,2853,11737,556
85322,Toyota,2010,Coupe,1003,4651,406
55839,Toyota,2006,V2,1433,113220,342
84454,BMW,2024,Sedan,4734,198822,359
67185,Toyota,2012,SUV,3798,5827,477
16434,Tesla,2021,V2,2413,111897,675
97505,Toyota,2008,Coupe,4797,116890,838
46013,Tesla,2014,SUV,3691,126578,602
79059,Tesla,2007,V2,2097,180400,287
92517,Lamborghini,2001,SUV,4122,24282,524
97987,Ford,2003,SUV,3577,141961,892
42523,Toyota,2008,SUV,3985,127468,359
77900,Tesla,2001,V3,4876,190410,1494
46486,Suzuki,2003,V2,4901,99318,852
82017,Suzuki,2023,V3,4111,46680,809
34590,Suzuki,2006,V2,3254,198938,1257
64349,Tesla,2012,Coupe,4745,16199,653
22180,Suzuki,2016,Sedan,1003,169626,1416
51106,BMW,2020,Coupe,2594,31628,527
78491,Chevrolet,2005,V2,3840,39812,351
73802,Tesla,2021,Coupe,4813,98126,1354
96644,Ford,2021,Coupe,3299,78419,192
33249,BMW,2018,V3,2040,148335,1089
46840,BMW,2006,Sedan,3868,29138,1367
94199,Toyota,2018,SUV,2604,171988,1478
54679,Tesla,2003,V2,2759,149336,1016
83309,BMW,2007,Sedan,3614,135879,1326
32958,Suzuki,2007,SUV,3076,191439,490
58834,Ford,2014,V2,1751,83760,744
32292,Suzuki,2018,V3,3344,152392,159
39301,Tesla,2016,V2,3446,9320,838
76951,Lamborghini,2016,V3,1481,126379,971
57344,Lamborghini,2004,V2,2527,96589,1387
47251,Toyota,2006,V2,3113,118633,1270
55910,Chevrolet,2015,V2,4542,75618,380
88469,Chevrolet,2024,Sedan,4580,199626,1048
83564,Toyota,2010,Sedan,1627,80375,267
26006,Suzuki,2004,Sedan,4372,97648,1060
50936,Tesla,2016,V2,2911,10748,1229
30298,Toyota,2013,V2,4664,33691,1483
55806,Lamborghini,2009,Coupe,1153,196453,335
24444,Toyota,2020,Coupe,1366,67001,841
71352,BMW,2012,Sedan,3837,99373,1096
78320,Lamborghini,2018,V3,4957,25446,1245
52866,Tesla,2003,V3,4574,82478,554
60216,Suzuki,2015,V2,4073,133263,338
25488,BMW,2001,Coupe,1272,70151,246
32348,Lamborghini,2022,V3,3030,51044,587
47859,Tesla,2017,V2,2459,54988,708
94279,Ford,2014,V3,2235,34641,544
35696,Suzuki,2006,Coupe,3374,96888,1364
22460,Chevrolet,2020,V2,2944,137520,1036
75450,Tesla,2006,Coupe,2612,159891,982
55608,Ford,2019,V2,2554,124588,1177
62909,Chevrolet,2000,V2,3160,192201,364
96241,Chevrolet,2016,V3,4584,48518,431
62574,BMW,2015,V2,4776,65152,1408
10384,BMW,2019,V3,4477,106685,636
99497,BMW,2005,V3,3350,47960,1195
72850,BMW,2019,Sedan,4944,116015,1005
23988,Chevrolet,2019,SUV,3437,11717,1013
96291,Toyota,2006,Coupe,1508,192181,686
66202,Ford,2012,V3,2314,143390,829
88856,Ford,2019,SUV,3942,140901,147
89360,Toyota,2007,Sedan,3041,181985,1127
95385,Ford,2005,V3,4255,126368,1440
45945,Toyota,2004,Coupe,1824,179502,1029
49851,Ford,2014,V2,3548,106031,375
20643,Toyota,2009,Sedan,3959,78954,449
90035,Chevrolet,2013,SUV,3857,104215,1246
17259,Ford,2008,V3,4478,142080,201
78428,BMW,2013,Coupe,1062,31455,1340
51191,Ford,2008,V3,4865,55471,1188
47222,Tesla,2015,Sedan,2787,71935,1352
73639,Tesla,2020,V3,4587,161314,1410
74738,Suzuki,2001,V2,2615,142057,219
11319,Chevrolet,2003,SUV,1721,5848,1310
42834,Ford,2001,Sedan,2258,100779,662
30718,Tesla,2016,Sedan,2174,28710,1185
25988,BMW,2000,Coupe,4133,114108,263
78711,Tesla,2013,Coupe,3200,42143,126
99019,Toyota,2012,SUV,3869,10686,377
69585,Tesla,2015,Coupe,1691,58689,942
83455,Toyota,2021,Coupe,3242,189840,766
42944,Chevrolet,2015,Sedan,4005,63020,964
45486,Chevrolet,2015,Sedan,3594,87831,1068
80375,Ford,2006,Sedan,3245,170756,444
66481,Tesla,2009,Coupe,2356,171154,533
18307,Chevrolet,2009,V3,2052,7262,1197
59628,Tesla,2015,Coupe,2019,15070,1105
82874,Tesla,2003,SUV,3836,94825,1410
27907,Tesla,2000,Sedan,3609,94813,1122
23202,Ford,2019,Sedan,1793,96251,1438
24358,Ford,2024,Sedan,2229,125146,1019
21288,Toyota,2011,Coupe,4802,168572,486
41786,Chevrolet,2005,V3,2004,145312,242
53109,Ford,2002,V2,2096,54368,881
61113,Chevrolet,2005,V2,2807,39824,274
28206,Toyota,2007,V2,3456,133200,742
56692,Ford,2024,Coupe,3197,16913,1296
46516,Chevrolet,2017,SUV,2673,125907,387
25117,Tesla,2005,SUV,3551,179355,569
57107,Suzuki,2021,V3,4038,22439,1394
62067,Chevrolet,2017,V2,2661,172437,498
12913,Ford,2016,SUV,4160,152023,1430
14003,Tesla,2023,Sedan,3574,28539,942
91481,Chevrolet,2021,V2,2754,107150,1034
82258,Lamborghini,2021,Sedan,4646,189422,957
93730,Suzuki,2018,V2,3410,137167,1008
14873,Chevrolet,2018,SUV,3802,106418,1265
28215,BMW,2023,SUV,3976,71599,797
15825,Ford,2009,Coupe,4380,92897,336
23522,Lamborghini,2018,V2,4911,38976,218
45054,BMW,2011,Coupe,3476,51774,657
52639,Suzuki,2000,Sedan,1817,101256,692
12271,Suzuki,2000,SUV,4686,190050,1157
25261,Suzuki,2004,V3,1321,64716,100
71048,Tesla,2004,Sedan,1292,23516,227
58904,BMW,2009,Coupe,4551,24325,1126
45557,Suzuki,2017,V3,2845,103158,1466
41519,Lamborghini,2018,SUV,1360,36257,647
30271,Chevrolet,2006,Coupe,1427,188469,803
75048,Toyota,2012,Sedan,2007,153155,818
36321,Suzuki,2015,Coupe,4046,182878,529
90561,Ford,2007,V3,4726,150731,1446
77363,Suzuki,2020,V3,4781,120977,1071
34845,BMW,2021,Coupe,2912,26129,1081
46187,BMW,2022,V2,1407,132632,632
27121,BMW,2009,V2,2178,105873,487
62209,Suzuki,2002,Coupe,1910,85068,1461
69960,BMW,2014,V2,4629,9643,1007
31115,Ford,2006,Sedan,2747,44870,426
20835,Ford,2003,Sedan,3440,183832,884
14332,BMW,2006,V2,1106,190224,615
54214,Toyota,2024,V3,4655,99955,1006
61887,Lamborghini,2001,V3,1349,183868,1447
72496,Suzuki,2013,Coupe,1401,163417,247
59766,Ford,2010,V2,3259,148216,717
20437,Tesla,2018,Coupe,3392,11341,1379
55718,BMW,2008,V2,2517,67911,797
12772,Ford,2001,V2,2937,144977,178
66954,Tesla,2020,Sedan,4424,163712,814
47730,Chevrolet,2005,V3,1277,130668,1311
33448,Chevrolet,2007,V2,1302,98372,994
33622,Tesla,2008,SUV,4933,179247,105
42274,BMW,2017,Coupe,1455,146431,856
58317,Suzuki,2003,Coupe,1042,140549,539
83097,BMW,2010,V3,1368,9071,1375
37931,Lamborghini,2004,SUV,3524,131670,741
81823,Toyota,2004,Coupe,2815,163360,1486
45683,Tesla,2016,Coupe,1579,48193,679
49416,BMW,2021,V3,1277,125136,1019
10667,Toyota,2003,SUV,3023,71346,916
55732,Ford,2006,V2,2935,82917,975
64033,Lamborghini,2012,SUV,2995,105162,619
61990,Chevrolet,2012,Coupe,2564,83467,475
39719,Lamborghini,2018,Sedan,2069,167643,163
20543,Lamborghini,2009,V2,3078,111906,284
44169,BMW,2014,V2,4584,46632,244
53064,Tesla,2011,V2,3688,164436,174
37516,BMW,2011,V2,4110,83060,301
82990,Chevrolet,2000,V3,3179,179932,1200
75848,BMW,2022,Coupe,1439,170584,571
92011,Chevrolet,2001,Sedan,1230,107326,120
98198,Ford,2010,V2,1420,101766,733
66078,Tesla,2010,SUV,1804,30146,513
47147,BMW,2010,Sedan,1564,72436,766
25463,Toyota,2017,Sedan,3905,166685,1277
43401,Chevrolet,2020,V3,4744,192126,1067
61054,Toyota,2020,V3,1639,52548,1106
20056,BMW,2008,Coupe,2757,40914,433
54855,Suzuki,2017,Coupe,1719,68004,540
42956,Tesla,2024,Sedan,2830,158126,320
64121,Tesla,2007,SUV,3434,175852,177
94764,Tesla,2023,V3,2281,35400,1416
99901,Chevrolet,2021,SUV,4086,198087,832
11244,Suzuki,2004,V2,1154,142477,664
13787,Toyota,2023,V2,4780,110724,529
55033,Toyota,2023,V2,1073,131757,1177
92238,Toyota,2010,SUV,4377,95003,362
47165,BMW,2001,V2,4380,60719,162
86429,Tesla,2015,Sedan,4277,192586,1001
33045,Chevrolet,2010,SUV,3522,167983,398
51320,Tesla,2023,V3,1439,100450,1039
70142,Suzuki,2012,SUV,2401,102046,939
57605,Ford,2011,V2,4239,30692,813
53936,Tesla,2005,V3,1459,59312,639
61342,Ford,2009,SUV,3964,15979,966
93727,Suzuki,2000,V3,1921,78592,408
74644,Lamborghini,2001,SUV,2019,182648,854
14030,Tesla,2008,SUV,1914,194127,477
67078,Ford,2010,Coupe,2757,115794,856
29907,Toyota,2010,V3,3016,193110,514
39466,Ford,2000,SUV,3849,168573,1195
